"first_name","last_name","email","address","address2","city","postal_code","country","customer_is_active","total_revenue_from_customer"
"Aaron","Selby","aaron.selby@sakilacustomer.org","1519 Santiago de los Caballeros Loop","","Mwene-Ditu","22025","Congo, The Democratic Republic of the","Yes","88.80"
"Adam","Gooch","adam.gooch@sakilacustomer.org","230 Urawa Drive","","Adoni","2738","India","Yes","97.80"
"Adrian","Clary","adrian.clary@sakilacustomer.org","1986 Sivas Place","","Udine","95775","Italy","Yes","68.82"
"Agnes","Bishop","agnes.bishop@sakilacustomer.org","866 Shivapuri Manor","","Sambhal","22474","India","Yes","86.79"
"Alan","Kahn","alan.kahn@sakilacustomer.org","753 Ilorin Avenue","","Emeishan","3656","China","Yes","119.75"
"Albert","Crouse","albert.crouse@sakilacustomer.org","1641 Changhwa Place","","Bamenda","37636","Cameroon","Yes","96.78"
"Alberto","Henning","alberto.henning@sakilacustomer.org","502 Mandi Bahauddin Parkway","","Barcelona","15992","Venezuela","Yes","66.79"
"Alex","Gresham","alex.gresham@sakilacustomer.org","251 Florencia Drive","","Uruapan","16119","Mexico","Yes","143.68"
"Alexander","Fennell","alexander.fennell@sakilacustomer.org","231 Kaliningrad Place","","Bergamo","57833","Italy","Yes","137.67"
"Alfred","Casillas","alfred.casillas@sakilacustomer.org","1727 Matamoros Place","","Sawhaj","78813","Egypt","Yes","120.74"
"Alfredo","Mcadams","alfredo.mcadams@sakilacustomer.org","1407 Surakarta Manor","","Serpuhov","33224","Russian Federation","Yes","85.80"
"Alice","Stewart","alice.stewart@sakilacustomer.org","1135 Izumisano Parkway","","Fontana","48150","United States","Yes","123.70"
"Alicia","Mills","alicia.mills@sakilacustomer.org","1963 Moscow Place","","Nagaon","64863","India","Yes","73.81"
"Allan","Cornish","allan.cornish@sakilacustomer.org","947 Trshavn Place","","Tarlac","841","Philippines","Yes","63.84"
"Allen","Butterfield","allen.butterfield@sakilacustomer.org","791 Salinas Street","","Hoshiarpur","40509","India","Yes","74.83"
"Allison","Stanley","allison.stanley@sakilacustomer.org","754 Valencia Place","","Phnom Penh","87911","Cambodia","Yes","86.75"
"Alma","Austin","alma.austin@sakilacustomer.org","1074 Binzhou Manor","","Mannheim","36490","Germany","Yes","128.69"
"Alvin","Deloach","alvin.deloach@sakilacustomer.org","1447 Chatsworth Place","","Cuauhtmoc","41545","Mexico","Yes","134.72"
"Amanda","Carter","amanda.carter@sakilacustomer.org","671 Graz Street","","Nador","94399","Morocco","Yes","105.74"
"Amber","Dixon","amber.dixon@sakilacustomer.org","1029 Dzerzinsk Manor","","Touliu","57519","Taiwan","Yes","113.73"
"Amy","Lopez","amy.lopez@sakilacustomer.org","176 Mandaluyong Place","","Jhansi","65213","India","Yes","112.74"
"Ana","Bradley","ana.bradley@sakilacustomer.org","682 Garden Grove Place","","Memphis","67497","United States","Yes","167.67"
"Andre","Rapp","andre.rapp@sakilacustomer.org","568 Dhule (Dhulia) Loop","","Coquimbo","92568","Chile","Yes","110.74"
"Andrea","Henderson","andrea.henderson@sakilacustomer.org","320 Baiyin Parkway","","Mahajanga","37307","Madagascar","Yes","92.79"
"Andrew","Purdy","andrew.purdy@sakilacustomer.org","431 Szkesfehrvr Avenue","","Baku","57828","Azerbaijan","Yes","89.78"
"Andy","Vanhorn","andy.vanhorn@sakilacustomer.org","966 Asuncin Way","","Huejutla de Reyes","62703","Mexico","Yes","112.76"
"Angel","Barclay","angel.barclay@sakilacustomer.org","496 Celaya Drive","","Ueda","90797","Japan","Yes","99.72"
"Angela","Hernandez","angela.hernandez@sakilacustomer.org","786 Aurora Avenue","","Shimonoseki","65750","Japan","Yes","138.65"
"Anita","Morales","anita.morales@sakilacustomer.org","788 Atinsk Street","","Hubli-Dharwad","81691","India","Yes","59.86"
"Ann","Evans","ann.evans@sakilacustomer.org","909 Garland Manor","","Niznekamsk","69367","Russian Federation","Yes","67.86"
"Anna","Hill","anna.hill@sakilacustomer.org","127 Purnea (Purnia) Manor","","Alessandria","79388","Italy","Yes","88.80"
"Anne","Powell","anne.powell@sakilacustomer.org","1557 Ktahya Boulevard","","Bradford","88002","United Kingdom","Yes","72.79"
"Annette","Olson","annette.olson@sakilacustomer.org","431 Xiangtan Avenue","","Allappuzha (Alleppey)","4854","India","Yes","98.76"
"Annie","Russell","annie.russell@sakilacustomer.org","1599 Plock Drive","","Tete","71986","Mozambique","Yes","58.82"
"Anthony","Schwab","anthony.schwab@sakilacustomer.org","1892 Nabereznyje Telny Lane","","Tafuna","28396","American Samoa","Yes","47.85"
"Antonio","Meek","antonio.meek@sakilacustomer.org","1190 0 Place","","Bag","10417","Brazil","Yes","73.85"
"April","Burns","april.burns@sakilacustomer.org","483 Ljubertsy Parkway","","Dundee","60562","United Kingdom","Yes","74.77"
"Arlene","Harvey","arlene.harvey@sakilacustomer.org","1014 Loja Manor","","Ambattur","66851","India","Yes","111.76"
"Armando","Gruber","armando.gruber@sakilacustomer.org","869 Shikarpur Way","","Southport","57380","United Kingdom","Yes","72.82"
"Arnold","Havens","arnold.havens@sakilacustomer.org","1176 Southend-on-Sea Manor","","Santa Rosa","81651","Philippines","Yes","161.68"
"Arthur","Simpkins","arthur.simpkins@sakilacustomer.org","1157 Nyeri Loop","","Maikop","56380","Russian Federation","Yes","145.70"
"Ashley","Richardson","ashley.richardson@sakilacustomer.org","1214 Hanoi Way","","Lincoln","67055","United States","Yes","112.75"
"Audrey","Ray","audrey.ray@sakilacustomer.org","1010 Klerksdorp Way","","Graz","6802","Austria","Yes","111.73"
"Austin","Cintron","austin.cintron@sakilacustomer.org","1325 Fukuyama Street","","Tieli","27107","China","Yes","78.82"
"Barbara","Jones","barbara.jones@sakilacustomer.org","1566 Inegl Manor","","Myingyan","53561","Myanmar","Yes","81.78"
"Barry","Lovelace","barry.lovelace@sakilacustomer.org","1836 Korla Parkway","","Kitwe","55405","Zambia","Yes","121.70"
"Beatrice","Arnold","beatrice.arnold@sakilacustomer.org","1877 Ezhou Lane","","Udaipur","63337","India","Yes","109.77"
"Becky","Miles","becky.miles@sakilacustomer.org","1993 Tabuk Lane","","Tambaram","64221","India","Yes","80.78"
"Ben","Easter","ben.easter@sakilacustomer.org","886 Tonghae Place","","Kamyin","19450","Russian Federation","No","102.77"
"Benjamin","Varney","benjamin.varney@sakilacustomer.org","817 Laredo Avenue","","Guadalajara","77449","Mexico","Yes","89.78"
"Bernard","Colby","bernard.colby@sakilacustomer.org","495 Bhimavaram Lane","","Dhule (Dhulia)","3","India","Yes","83.79"
"Bernice","Willis","bernice.willis@sakilacustomer.org","29 Pyongyang Loop","","Batman","47753","Turkey","Yes","133.70"
"Bertha","Ferguson","bertha.ferguson@sakilacustomer.org","1367 Yantai Manor","","Ondo","21294","Nigeria","Yes","89.77"
"Bessie","Morrison","bessie.morrison@sakilacustomer.org","1926 Gingoog Street","","Syrakusa","22824","Italy","Yes","127.73"
"Beth","Franklin","beth.franklin@sakilacustomer.org","1149 A Corua (La Corua) Boulevard","","Haiphong","95824","Vietnam","Yes","95.76"
"Betty","White","betty.white@sakilacustomer.org","770 Bydgoszcz Avenue","","Citrus Heights","16266","United States","Yes","96.77"
"Beverly","Brooks","beverly.brooks@sakilacustomer.org","1947 Poos de Caldas Boulevard","","Chiayi","60951","Taiwan","Yes","89.78"
"Bill","Gavin","bill.gavin@sakilacustomer.org","1485 Bratislava Place","","Rockford","83183","United States","Yes","106.73"
"Billie","Horton","billie.horton@sakilacustomer.org","457 Tongliao Loop","","Inegl","56254","Turkey","Yes","71.79"
"Billy","Poulin","billy.poulin@sakilacustomer.org","1061 Ede Avenue","","Cabuyao","57810","Philippines","Yes","123.71"
"Bob","Pfeiffer","bob.pfeiffer@sakilacustomer.org","415 Pune Avenue","","Xintai","44274","China","Yes","82.78"
"Bobbie","Craig","bobbie.craig@sakilacustomer.org","86 Higashiosaka Lane","","Valle de Santiago","33768","Mexico","Yes","52.81"
"Bobby","Boudreau","bobby.boudreau@sakilacustomer.org","1368 Maracabo Boulevard","","South Hill","32716","Anguilla","Yes","99.68"
"Bonnie","Hughes","bonnie.hughes@sakilacustomer.org","1942 Ciparay Parkway","","Cheju","82624","South Korea","Yes","84.80"
"Brad","Mccurdy","brad.mccurdy@sakilacustomer.org","608 Birgunj Parkway","","Chungho","400","Taiwan","Yes","100.76"
"Bradley","Motley","bradley.motley@sakilacustomer.org","1596 Acua Parkway","","Purnea (Purnia)","70425","India","Yes","125.74"
"Brandon","Huey","brandon.huey@sakilacustomer.org","1912 Emeishan Drive","","Balikesir","33050","Turkey","Yes","145.64"
"Brandy","Graves","brandy.graves@sakilacustomer.org","1944 Bamenda Way","","Warren","24645","United States","Yes","94.77"
"Brenda","Wright","brenda.wright@sakilacustomer.org","33 Gorontalo Way","","Kamarhati","30348","India","Yes","104.74"
"Brent","Harkins","brent.harkins@sakilacustomer.org","319 Plock Parkway","","Sultanbeyli","26101","Turkey","Yes","104.78"
"Brett","Cornwell","brett.cornwell@sakilacustomer.org","1197 Sokoto Boulevard","","Siliguri (Shiliguri)","87687","India","Yes","130.70"
"Brian","Wyman","brian.wyman@sakilacustomer.org","1769 Iwaki Lane","","Bydgoszcz","25787","Poland","Yes","27.93"
"Brittany","Riley","brittany.riley@sakilacustomer.org","140 Chiayi Parkway","","Sumy","38982","Ukraine","Yes","151.73"
"Bruce","Schwarz","bruce.schwarz@sakilacustomer.org","1565 Tangail Manor","","Okinawa","45750","Japan","Yes","92.79"
"Bryan","Hardison","bryan.hardison@sakilacustomer.org","530 Lausanne Lane","","Dallas","11067","United States","Yes","105.76"
"Byron","Box","byron.box@sakilacustomer.org","521 San Juan Bautista Tuxtepec Place","","Zhezqazghan","95093","Kazakstan","Yes","117.72"
"Calvin","Martel","calvin.martel@sakilacustomer.org","138 Caracas Boulevard","","Maracabo","16790","Venezuela","Yes","111.77"
"Carl","Artis","carl.artis@sakilacustomer.org","1628 Nagareyama Lane","","San Lorenzo","60079","Paraguay","Yes","104.79"
"Carla","Gutierrez","carla.gutierrez@sakilacustomer.org","642 Nador Drive","","Bhusawal","3924","India","Yes","103.74"
"Carlos","Coughlin","carlos.coughlin@sakilacustomer.org","97 Mogiljov Lane","","Bhavnagar","89294","India","Yes","96.79"
"Carmen","Owens","carmen.owens@sakilacustomer.org","1378 Alvorada Avenue","","Caracas","75834","Venezuela","Yes","94.75"
"Carol","Garcia","carol.garcia@sakilacustomer.org","320 Brest Avenue","","Kaduna","43331","Nigeria","Yes","78.81"
"Carole","Barnett","carole.barnett@sakilacustomer.org","1980 Kamjanets-Podilskyi Street","","Peoria","89502","United States","Yes","92.75"
"Caroline","Bowman","caroline.bowman@sakilacustomer.org","1309 Weifang Street","","Tallahassee","57338","United States","Yes","37.87"
"Carolyn","Perez","carolyn.perez@sakilacustomer.org","1632 Bislig Avenue","","Pak Kret","61117","Thailand","Yes","111.71"
"Carrie","Porter","carrie.porter@sakilacustomer.org","1854 Tieli Street","","Liaocheng","15819","China","Yes","124.66"
"Casey","Mena","casey.mena@sakilacustomer.org","539 Hami Way","","Tokat","52196","Turkey","Yes","130.68"
"Cassandra","Walters","cassandra.walters@sakilacustomer.org","920 Kumbakonam Loop","","Salinas","75090","United States","Yes","96.79"
"Catherine","Campbell","catherine.campbell@sakilacustomer.org","46 Pjatigorsk Lane","","Moscow","23616","Russian Federation","Yes","131.69"
"Cathy","Spencer","cathy.spencer@sakilacustomer.org","1287 Xiangfan Boulevard","","Kakamigahara","57844","Japan","Yes","122.71"
"Cecil","Vines","cecil.vines@sakilacustomer.org","548 Uruapan Street","","London","35653","United Kingdom","Yes","115.74"
"Chad","Carbone","chad.carbone@sakilacustomer.org","1948 Bayugan Parkway","","Katihar","60622","India","Yes","86.76"
"Charlene","Alvarez","charlene.alvarez@sakilacustomer.org","1842 Luzinia Boulevard","","Zanzibar","94420","Tanzania","Yes","109.75"
"Charles","Kowalski","charles.kowalski@sakilacustomer.org","715 So Bernardo do Campo Lane","","Sungai Petani","84804","Malaysia","Yes","119.72"
"Charlie","Bess","charlie.bess@sakilacustomer.org","362 Rajkot Lane","","Baiyin","98030","China","Yes","110.76"
"Charlotte","Hunter","charlotte.hunter@sakilacustomer.org","758 Junan Lane","","guas Lindas de Gois","82639","Brazil","Yes","87.78"
"Cheryl","Murphy","cheryl.murphy@sakilacustomer.org","1213 Ranchi Parkway","","Mysore","94352","India","Yes","119.76"
"Chester","Benner","chester.benner@sakilacustomer.org","1574 Goinia Boulevard","","Suihua","39529","China","Yes","92.78"
"Chris","Brothers","chris.brothers@sakilacustomer.org","331 Bydgoszcz Parkway","","Gijn","966","Spain","Yes","77.80"
"Christian","Jung","christian.jung@sakilacustomer.org","949 Allende Lane","","Amroha","67521","India","No","81.78"
"Christina","Ramirez","christina.ramirez@sakilacustomer.org","1124 Buenaventura Drive","","al-Hawiya","6856","Saudi Arabia","Yes","75.83"
"Christine","Roberts","christine.roberts@sakilacustomer.org","1447 Imus Way","","Faaa","48942","French Polynesia","Yes","89.78"
"Christopher","Greco","christopher.greco@sakilacustomer.org","1224 Huejutla de Reyes Boulevard","","Brescia","70923","Italy","Yes","113.75"
"Christy","Vargas","christy.vargas@sakilacustomer.org","1158 Mandi Bahauddin Parkway","","Datong","98484","China","Yes","113.70"
"Cindy","Fisher","cindy.fisher@sakilacustomer.org","1079 Tel Aviv-Jaffa Boulevard","","Cuman","10885","Venezuela","Yes","111.73"
"Clara","Shaw","clara.shaw@sakilacustomer.org","1027 Songkhla Manor","","Molodetno","30861","Belarus","Yes","189.60"
"Clarence","Gamez","clarence.gamez@sakilacustomer.org","767 Pyongyang Drive","","Izumisano","83536","Japan","Yes","79.75"
"Claude","Herzog","claude.herzog@sakilacustomer.org","486 Ondo Parkway","","Benguela","35202","Angola","Yes","93.80"
"Claudia","Fuller","claudia.fuller@sakilacustomer.org","346 Skikda Parkway","","Jalib al-Shuyukh","90628","Kuwait","Yes","106.75"
"Clayton","Barbee","clayton.barbee@sakilacustomer.org","1407 Pachuca de Soto Place","","Alvorada","26284","Brazil","Yes","75.79"
"Clifford","Bowens","clifford.bowens@sakilacustomer.org","207 Cuernavaca Loop","","Nabereznyje Telny","52671","Russian Federation","Yes","109.73"
"Clifton","Malcolm","clifton.malcolm@sakilacustomer.org","1489 Kakamigahara Lane","","Tanshui","98883","Taiwan","Yes","111.74"
"Clinton","Buford","clinton.buford@sakilacustomer.org","43 Vilnius Manor","","Aurora","79814","United States","Yes","98.76"
"Clyde","Tobias","clyde.tobias@sakilacustomer.org","1909 Dayton Avenue","","Shaoguan","88513","China","Yes","112.72"
"Cody","Nolen","cody.nolen@sakilacustomer.org","1715 Okayama Street","","So Bernardo do Campo","55676","Brazil","Yes","92.80"
"Colleen","Burton","colleen.burton@sakilacustomer.org","430 Alessandria Loop","","Saarbrcken","47446","Germany","Yes","78.78"
"Connie","Wallace","connie.wallace@sakilacustomer.org","1867 San Juan Bautista Tuxtepec Avenue","","Ivanovo","78311","Russian Federation","Yes","95.79"
"Constance","Reid","constance.reid@sakilacustomer.org","885 Yingkou Manor","","Zaria","31390","Nigeria","Yes","86.77"
"Corey","Hauser","corey.hauser@sakilacustomer.org","984 Novoterkassk Loop","","Gaziantep","28165","Turkey","Yes","83.81"
"Cory","Meehan","cory.meehan@sakilacustomer.org","556 Asuncin Way","","Mogiljov","35364","Belarus","Yes","81.76"
"Courtney","Day","courtney.day@sakilacustomer.org","300 Junan Street","","Uijongbu","81314","South Korea","Yes","103.74"
"Craig","Morrell","craig.morrell@sakilacustomer.org","717 Changzhou Lane","","Cavite","21615","Philippines","Yes","114.72"
"Crystal","Ford","crystal.ford@sakilacustomer.org","659 Vaduz Drive","","Ashdod","49708","Israel","Yes","129.70"
"Curtis","Irby","curtis.irby@sakilacustomer.org","432 Garden Grove Street","","Richmond Hill","65630","Canada","Yes","167.62"
"Cynthia","Young","cynthia.young@sakilacustomer.org","1425 Shikarpur Manor","","Munger (Monghyr)","65599","India","Yes","105.70"
"Daisy","Bates","daisy.bates@sakilacustomer.org","661 Chisinau Lane","","Kolpino","8856","Russian Federation","Yes","125.72"
"Dale","Ratcliff","dale.ratcliff@sakilacustomer.org","1639 Saarbrcken Drive","","Rustenburg","9827","South Africa","Yes","104.74"
"Dan","Paine","dan.paine@sakilacustomer.org","808 Naala-Porto Parkway","","Stockport","41060","United Kingdom","Yes","106.79"
"Dana","Hart","dana.hart@sakilacustomer.org","1089 Iwatsuki Avenue","","Kirovo-Tepetsk","35109","Russian Federation","Yes","120.74"
"Daniel","Cabral","daniel.cabral@sakilacustomer.org","543 Bergamo Avenue","","Ibirit","59686","Brazil","Yes","68.87"
"Danielle","Daniels","danielle.daniels@sakilacustomer.org","781 Shimonoseki Drive","","Hidalgo","95444","Mexico","Yes","94.78"
"Danny","Isom","danny.isom@sakilacustomer.org","734 Bchar Place","","Okara","30586","Pakistan","Yes","73.82"
"Darlene","Rose","darlene.rose@sakilacustomer.org","1386 Nakhon Sawan Boulevard","","Pyongyang","53502","North Korea","Yes","107.71"
"Darrell","Power","darrell.power@sakilacustomer.org","1844 Usak Avenue","","Halifax","84461","Canada","Yes","89.76"
"Darren","Windham","darren.windham@sakilacustomer.org","379 Lublin Parkway","","Livorno","74568","Italy","Yes","95.78"
"Darryl","Ashcraft","darryl.ashcraft@sakilacustomer.org","166 Jinchang Street","","Ezeiza","86760","Argentina","Yes","75.78"
"Daryl","Larue","daryl.larue@sakilacustomer.org","1208 Tama Loop","","Mosul","73605","Iraq","Yes","111.73"
"Dave","Gardiner","dave.gardiner@sakilacustomer.org","1052 Pathankot Avenue","","Leshan","77397","China","Yes","113.73"
"David","Royal","david.royal@sakilacustomer.org","827 Yuncheng Drive","","Callao","79047","Peru","Yes","79.81"
"Dawn","Sullivan","dawn.sullivan@sakilacustomer.org","454 Nakhon Sawan Boulevard","","Funafuti","76383","Tuvalu","Yes","93.78"
"Dean","Sauer","dean.sauer@sakilacustomer.org","270 Tambaram Parkway","","Johannesburg","9668","South Africa","Yes","106.74"
"Deanna","Byrd","deanna.byrd@sakilacustomer.org","862 Xintai Lane","","Tuguegarao","30065","Philippines","Yes","90.78"
"Debbie","Reyes","debbie.reyes@sakilacustomer.org","928 Jaffna Loop","","Fukuyama","93762","Japan","Yes","127.69"
"Deborah","Walker","deborah.walker@sakilacustomer.org","934 San Felipe de Puerto Plata Street","","Shikarpur","99780","Pakistan","Yes","104.73"
"Debra","Nelson","debra.nelson@sakilacustomer.org","306 Antofagasta Place","","Vila Velha","3989","Brazil","Yes","141.71"
"Delores","Hansen","delores.hansen@sakilacustomer.org","810 Palghat (Palakkad) Boulevard","","Jaroslavl","73431","Russian Federation","Yes","71.84"
"Denise","Kelly","denise.kelly@sakilacustomer.org","1206 Dos Quebradas Place","","Rio Claro","20207","Brazil","Yes","96.74"
"Dennis","Gilman","dennis.gilman@sakilacustomer.org","1443 Mardan Street","","Paarl","31483","South Africa","Yes","78.80"
"Derek","Blakely","derek.blakely@sakilacustomer.org","118 Jaffna Loop","","Gingoog","10447","Philippines","Yes","90.73"
"Derrick","Bourque","derrick.bourque@sakilacustomer.org","1153 Allende Way","","Gatineau","20336","Canada","Yes","87.80"
"Diana","Alexander","diana.alexander@sakilacustomer.org","1308 Arecibo Way","","Augusta-Richmond County","30695","United States","Yes","105.73"
"Diane","Collins","diane.collins@sakilacustomer.org","115 Hidalgo Parkway","","Omdurman","80168","Sudan","Yes","144.70"
"Dianne","Shelton","dianne.shelton@sakilacustomer.org","600 Bradford Street","","Tabriz","96204","Iran","Yes","114.76"
"Dolores","Wagner","dolores.wagner@sakilacustomer.org","316 Uruapan Street","","Ipoh","58194","Malaysia","Yes","104.75"
"Don","Bone","don.bone@sakilacustomer.org","596 Huixquilucan Place","","Naala-Porto","65892","Mozambique","Yes","113.77"
"Donald","Mahon","donald.mahon@sakilacustomer.org","1774 Yaound Place","","Ezhou","91400","China","Yes","63.84"
"Donna","Thompson","donna.thompson@sakilacustomer.org","270 Toulon Boulevard","","Elista","81766","Russian Federation","Yes","87.82"
"Dora","Medina","dora.medina@sakilacustomer.org","1760 Oshawa Manor","","Tianjin","38140","China","Yes","88.81"
"Doris","Reed","doris.reed@sakilacustomer.org","1697 Kowloon and New Kowloon Loop","","Balaiha","57807","Russian Federation","Yes","84.81"
"Dorothy","Taylor","dorothy.taylor@sakilacustomer.org","1531 Sal Drive","","Esfahan","53628","Iran","Yes","94.76"
"Douglas","Graf","douglas.graf@sakilacustomer.org","785 Vaduz Street","","Mexicali","36170","Mexico","Yes","106.77"
"Duane","Tubbs","duane.tubbs@sakilacustomer.org","962 Tama Loop","","Yangor","65952","Nauru","Yes","143.70"
"Dustin","Gillette","dustin.gillette@sakilacustomer.org","1854 Okara Boulevard","","Emmen","42123","Netherlands","Yes","92.75"
"Dwayne","Olvera","dwayne.olvera@sakilacustomer.org","1447 Imus Place","","Rajkot","12905","India","Yes","95.80"
"Dwight","Lombardi","dwight.lombardi@sakilacustomer.org","1497 Fengshan Drive","","Chatsworth","63022","South Africa","Yes","74.83"
"Earl","Shanks","earl.shanks@sakilacustomer.org","168 Cianjur Manor","","Iwatsuki","73824","Japan","Yes","105.74"
"Eddie","Tomlin","eddie.tomlin@sakilacustomer.org","1351 Aparecida de Goinia Parkway","","Ozamis","41775","Philippines","Yes","122.74"
"Edgar","Rhoads","edgar.rhoads@sakilacustomer.org","1269 Ipoh Avenue","","Eskisehir","54674","Turkey","Yes","89.77"
"Edith","Mcdonald","edith.mcdonald@sakilacustomer.org","1967 Sincelejo Place","","Gandhinagar","73644","India","Yes","69.83"
"Edna","West","edna.west@sakilacustomer.org","682 Junan Way","","Klerksdorp","30418","South Africa","Yes","79.81"
"Eduardo","Hiatt","eduardo.hiatt@sakilacustomer.org","1837 Kaduna Parkway","","Jining","82580","China","Yes","108.77"
"Edward","Baugh","edward.baugh@sakilacustomer.org","1359 Zhoushan Parkway","","Trshavn","29763","Faroe Islands","Yes","96.76"
"Edwin","Burk","edwin.burk@sakilacustomer.org","1766 Almirante Brown Street","","Newcastle","63104","South Africa","Yes","93.80"
"Eileen","Carr","eileen.carr@sakilacustomer.org","1679 Antofagasta Street","","Ciudad del Este","86599","Paraguay","Yes","80.82"
"Elaine","Stevens","elaine.stevens@sakilacustomer.org","801 Hagonoy Drive","","Smolensk","8439","Russian Federation","Yes","105.78"
"Eleanor","Hunt","eleanor.hunt@sakilacustomer.org","1952 Pune Lane","","Saint-Denis","92150","Runion","Yes","211.55"
"Elizabeth","Brown","elizabeth.brown@sakilacustomer.org","53 Idfu Parkway","","Nantou","42399","Taiwan","Yes","134.65"
"Ella","Oliver","ella.oliver@sakilacustomer.org","751 Lima Loop","","Aden","99405","Yemen","Yes","134.70"
"Ellen","Simpson","ellen.simpson@sakilacustomer.org","1666 Qomsheh Drive","","Po","66255","Brazil","Yes","102.75"
"Elmer","Noe","elmer.noe@sakilacustomer.org","1768 Udine Loop","","Battambang","32347","Cambodia","Yes","92.76"
"Elsie","Kelley","elsie.kelley@sakilacustomer.org","955 Bamenda Way","","Ikerre","1545","Nigeria","Yes","124.68"
"Emily","Diaz","emily.diaz@sakilacustomer.org","588 Vila Velha Manor","","Kimchon","51540","South Korea","Yes","90.77"
"Emma","Boyd","emma.boyd@sakilacustomer.org","765 Southampton Drive","","Qalyub","4285","Egypt","Yes","77.81"
"Enrique","Forsythe","enrique.forsythe@sakilacustomer.org","1101 Bucuresti Boulevard","","Patras","97661","Greece","Yes","73.78"
"Eric","Robert","eric.robert@sakilacustomer.org","430 Kumbakonam Drive","","Santa F","28814","Argentina","Yes","105.78"
"Erica","Matthews","erica.matthews@sakilacustomer.org","1294 Firozabad Drive","","Pingxiang","70618","China","No","86.80"
"Erik","Guillen","erik.guillen@sakilacustomer.org","635 Brest Manor","","Bhimavaram","40899","India","Yes","115.72"
"Erika","Pena","erika.pena@sakilacustomer.org","898 Jining Lane","","Oulu","40070","Finland","Yes","78.79"
"Erin","Dunn","erin.dunn@sakilacustomer.org","1623 Baha Blanca Manor","","Ljubertsy","81511","Russian Federation","Yes","106.73"
"Ernest","Stepp","ernest.stepp@sakilacustomer.org","500 Lincoln Parkway","","Huaian","95509","China","Yes","77.79"
"Esther","Crawford","esther.crawford@sakilacustomer.org","898 Belm Manor","","Botshabelo","49757","South Africa","Yes","95.72"
"Ethel","Webb","ethel.webb@sakilacustomer.org","569 Baicheng Lane","","Boksburg","60304","South Africa","Yes","131.69"
"Eugene","Culpepper","eugene.culpepper@sakilacustomer.org","686 Donostia-San Sebastin Lane","","Shenzhen","97390","China","Yes","70.82"
"Eva","Ramos","eva.ramos@sakilacustomer.org","1666 Beni-Mellal Place","","Clarksville","13377","United States","Yes","83.82"
"Evelyn","Morgan","evelyn.morgan@sakilacustomer.org","943 Tokat Street","","Vaduz","45428","Liechtenstein","Yes","99.74"
"Everett","Banda","everett.banda@sakilacustomer.org","1741 Hoshiarpur Boulevard","","Bilbays","22372","Egypt","Yes","110.72"
"Felicia","Sutton","felicia.sutton@sakilacustomer.org","226 Halifax Street","","Korla","58492","China","Yes","68.77"
"Felix","Gaffney","felix.gaffney@sakilacustomer.org","1059 Yuncheng Avenue","","Vilnius","47498","Lithuania","Yes","63.78"
"Fernando","Churchill","fernando.churchill@sakilacustomer.org","193 Bhusawal Place","","Tonghae","9750","South Korea","Yes","109.77"
"Florence","Woods","florence.woods@sakilacustomer.org","1532 Dzerzinsk Way","","Merlo","9599","Argentina","Yes","114.72"
"Floyd","Gandy","floyd.gandy@sakilacustomer.org","1088 Ibirit Place","","Zapopan","88502","Mexico","Yes","68.84"
"Frances","Parker","frances.parker@sakilacustomer.org","686 Garland Manor","","Juazeiro do Norte","52535","Brazil","Yes","92.81"
"Francis","Sikes","francis.sikes@sakilacustomer.org","355 Vitria de Santo Anto Way","","San Juan Bautista Tuxtepec","81758","Mexico","Yes","98.75"
"Francisco","Skidmore","francisco.skidmore@sakilacustomer.org","614 Denizli Parkway","","So Leopoldo","29444","Brazil","Yes","93.79"
"Frank","Waggoner","frank.waggoner@sakilacustomer.org","1816 Bydgoszcz Loop","","Jamalpur","64308","Bangladesh","Yes","98.77"
"Franklin","Troutman","franklin.troutman@sakilacustomer.org","1778 Gijn Manor","","Zaoyang","35156","China","Yes","69.79"
"Fred","Wheat","fred.wheat@sakilacustomer.org","433 Florencia Street","","Jurez","91330","Mexico","Yes","69.79"
"Freddie","Duggan","freddie.duggan@sakilacustomer.org","1103 Quilmes Boulevard","","Sullana","52137","Peru","Yes","87.77"
"Frederick","Isbell","frederick.isbell@sakilacustomer.org","1404 Taguig Drive","","Tsuyama","87212","Japan","Yes","78.84"
"Gabriel","Harder","gabriel.harder@sakilacustomer.org","680 A Corua (La Corua) Manor","","Sivas","49806","Turkey","Yes","108.75"
"Gail","Knight","gail.knight@sakilacustomer.org","185 Novi Sad Place","","Bern","41778","Switzerland","Yes","106.76"
"Gary","Coy","gary.coy@sakilacustomer.org","867 Benin City Avenue","","Yuzhou","78543","China","Yes","95.78"
"Gene","Sanborn","gene.sanborn@sakilacustomer.org","1416 San Juan Bautista Tuxtepec Avenue","","Salala","50592","Oman","Yes","82.76"
"George","Linton","george.linton@sakilacustomer.org","1957 Yantai Lane","","Sorocaba","59255","Brazil","Yes","113.71"
"Georgia","Jacobs","georgia.jacobs@sakilacustomer.org","954 Kimchon Place","","Uttarpara-Kotrung","42420","India","Yes","88.77"
"Gerald","Fultz","gerald.fultz@sakilacustomer.org","45 Aparecida de Goinia Place","","Satna","7431","India","Yes","116.71"
"Geraldine","Perkins","geraldine.perkins@sakilacustomer.org","97 Shimoga Avenue","","Tel Aviv-Jaffa","44660","Israel","Yes","94.76"
"Gertrude","Castillo","gertrude.castillo@sakilacustomer.org","850 Salala Loop","","Nuuk","10800","Greenland","Yes","119.72"
"Gilbert","Sledge","gilbert.sledge@sakilacustomer.org","1515 Korla Way","","York","57197","United Kingdom","Yes","121.73"
"Gina","Williamson","gina.williamson@sakilacustomer.org","1001 Miyakonojo Lane","","Taizz","67924","Yemen","Yes","110.73"
"Gladys","Hamilton","gladys.hamilton@sakilacustomer.org","1177 Jelets Way","","Ilorin","3305","Nigeria","Yes","128.71"
"Glen","Talbert","glen.talbert@sakilacustomer.org","1789 Saint-Denis Parkway","","Acua","8268","Mexico","Yes","100.77"
"Glenda","Frazier","glenda.frazier@sakilacustomer.org","1246 Boksburg Parkway","","Qinhuangdao","28349","China","Yes","128.71"
"Glenn","Pullen","glenn.pullen@sakilacustomer.org","992 Klerksdorp Loop","","Amersfoort","33711","Netherlands","Yes","88.78"
"Gloria","Cook","gloria.cook@sakilacustomer.org","1668 Saint Louis Place","","Papeete","39072","French Polynesia","Yes","115.74"
"Gordon","Allard","gordon.allard@sakilacustomer.org","434 Ourense (Orense) Manor","","Hodeida","14122","Yemen","Yes","157.69"
"Grace","Ellis","grace.ellis@sakilacustomer.org","442 Rae Bareli Place","","Duisburg","24321","Germany","Yes","126.70"
"Greg","Robins","greg.robins@sakilacustomer.org","1786 Salinas Place","","Nam Dinh","66546","Vietnam","Yes","131.74"
"Gregory","Mauldin","gregory.mauldin@sakilacustomer.org","507 Smolensk Loop","","Sousse","22971","Tunisia","Yes","73.78"
"Guy","Brownlee","guy.brownlee@sakilacustomer.org","346 Cam Ranh Avenue","","Zhoushan","39976","China","Yes","151.69"
"Gwendolyn","May","gwendolyn.may@sakilacustomer.org","446 Kirovo-Tepetsk Lane","","Higashiosaka","19428","Japan","Yes","98.75"
"Harold","Martino","harold.martino@sakilacustomer.org","1293 Nam Dinh Way","","Boa Vista","71583","Brazil","Yes","130.68"
"Harry","Arce","harry.arce@sakilacustomer.org","1922 Miraj Way","","Najafabad","13203","Iran","No","139.69"
"Harvey","Guajardo","harvey.guajardo@sakilacustomer.org","600 Purnea (Purnia) Avenue","","Vinh","18043","Vietnam","Yes","87.80"
"Hazel","Warren","hazel.warren@sakilacustomer.org","1587 Sullana Lane","","Hohhot","85769","China","Yes","106.68"
"Heather","Morris","heather.morris@sakilacustomer.org","17 Kabul Boulevard","","Nagareyama","38594","Japan","Yes","88.76"
"Hector","Poindexter","hector.poindexter@sakilacustomer.org","185 Mannheim Lane","","Pjatigorsk","23661","Russian Federation","Yes","119.74"
"Heidi","Larson","heidi.larson@sakilacustomer.org","1103 Bilbays Parkway","","Xiangfan","87660","China","No","110.68"
"Helen","Harris","helen.harris@sakilacustomer.org","419 Iligan Lane","","Bhopal","72878","India","Yes","134.68"
"Henry","Billingsley","henry.billingsley@sakilacustomer.org","1516 Escobar Drive","","Nukualofa","46069","Tonga","Yes","64.84"
"Herbert","Kruger","herbert.kruger@sakilacustomer.org","1823 Hoshiarpur Lane","","Syktyvkar","33191","Russian Federation","Yes","73.81"
"Herman","Devore","herman.devore@sakilacustomer.org","64 Korla Street","","Mwanza","25145","Tanzania","Yes","109.72"
"Hilda","Hopkins","hilda.hopkins@sakilacustomer.org","1831 Nam Dinh Loop","","Mandaluyong","51990","Philippines","Yes","116.73"
"Holly","Fox","holly.fox@sakilacustomer.org","435 0 Way","","Haldia","74750","India","Yes","111.71"
"Howard","Fortner","howard.fortner@sakilacustomer.org","220 Hidalgo Drive","","Kermanshah","45298","Iran","Yes","93.74"
"Hugh","Waldrop","hugh.waldrop@sakilacustomer.org","904 Clarksville Drive","","Haining","52234","China","Yes","89.80"
"Ian","Still","ian.still@sakilacustomer.org","1894 Boa Vista Way","","Garland","77464","United States","Yes","86.75"
"Ida","Andrews","ida.andrews@sakilacustomer.org","1839 Szkesfehrvr Parkway","","Luzinia","55709","Brazil","Yes","75.78"
"Irene","Price","irene.price@sakilacustomer.org","602 Paarl Street","","Pavlodar","98889","Kazakstan","Yes","74.79"
"Irma","Pearson","irma.pearson@sakilacustomer.org","127 Iwakuni Boulevard","","Hagonoy","20777","Philippines","Yes","70.82"
"Isaac","Oglesby","isaac.oglesby@sakilacustomer.org","186 Skikda Lane","","Cuernavaca","89422","Mexico","Yes","109.76"
"Ivan","Cromwell","ivan.cromwell@sakilacustomer.org","1351 Sousse Lane","","Monclova","37815","Mexico","Yes","91.75"
"Jack","Foust","jack.foust@sakilacustomer.org","1378 Beira Loop","","Zeleznogorsk","40792","Russian Federation","Yes","87.77"
"Jackie","Lynch","jackie.lynch@sakilacustomer.org","98 Stara Zagora Boulevard","","Buenaventura","76448","Colombia","Yes","89.77"
"Jacob","Lance","jacob.lance@sakilacustomer.org","1866 al-Qatif Avenue","","El Monte","89420","United States","Yes","74.80"
"Jacqueline","Long","jacqueline.long@sakilacustomer.org","870 Ashqelon Loop","","Songkhla","84931","Thailand","Yes","146.68"
"Jaime","Nettles","jaime.nettles@sakilacustomer.org","1746 Faaa Way","","Hunuco","32515","Peru","Yes","118.73"
"James","Gannon","james.gannon@sakilacustomer.org","1635 Kuwana Boulevard","","Hiroshima","52137","Japan","Yes","84.79"
"Jamie","Rice","jamie.rice@sakilacustomer.org","879 Newcastle Way","","Sterling Heights","90732","United States","Yes","126.73"
"Jamie","Waugh","jamie.waugh@sakilacustomer.org","958 Sagamihara Lane","","Kuwana","88408","Japan","Yes","110.77"
"Jane","Bennett","jane.bennett@sakilacustomer.org","1692 Ede Loop","","Araatuba","9223","Brazil","Yes","85.77"
"Janet","Phillips","janet.phillips@sakilacustomer.org","1718 Valencia Street","","Antofagasta","37359","Chile","Yes","124.74"
"Janice","Ward","janice.ward@sakilacustomer.org","1150 Kimchon Manor","","Malm","96109","Sweden","Yes","139.67"
"Jared","Ely","jared.ely@sakilacustomer.org","1003 Qinhuangdao Street","","Purwakarta","25972","Indonesia","Yes","81.83"
"Jason","Morrissey","jason.morrissey@sakilacustomer.org","1427 A Corua (La Corua) Place","","Baha Blanca","85799","Argentina","Yes","81.81"
"Javier","Elrod","javier.elrod@sakilacustomer.org","195 Ilorin Street","","NDjamna","49250","Chad","Yes","122.72"
"Jay","Robb","jay.robb@sakilacustomer.org","1947 Paarl Way","","Surakarta","23636","Indonesia","Yes","85.75"
"Jean","Bell","jean.bell@sakilacustomer.org","1114 Liepaja Street","","Kuching","69226","Malaysia","Yes","105.76"
"Jeanette","Greene","jeanette.greene@sakilacustomer.org","1077 San Felipe de Puerto Plata Place","","Novoterkassk","65387","Russian Federation","Yes","66.82"
"Jeanne","Lawson","jeanne.lawson@sakilacustomer.org","387 Mwene-Ditu Drive","","Ashgabat","8073","Turkmenistan","Yes","126.74"
"Jeff","East","jeff.east@sakilacustomer.org","437 Chungho Drive","","San Felipe de Puerto Plata","59489","Dominican Republic","Yes","107.70"
"Jeffery","Pinson","jeffery.pinson@sakilacustomer.org","966 Arecibo Loop","","Dadu","94018","Pakistan","Yes","113.72"
"Jeffrey","Spear","jeffrey.spear@sakilacustomer.org","1860 Taguig Loop","","Ciparay","59550","Indonesia","Yes","65.83"
"Jennie","Terry","jennie.terry@sakilacustomer.org","682 Halisahar Place","","Olomouc","20536","Czech Republic","Yes","132.72"
"Jennifer","Davis","jennifer.davis@sakilacustomer.org","1795 Santiago de Compostela Way","","Laredo","18743","United States","Yes","84.75"
"Jenny","Castro","jenny.castro@sakilacustomer.org","1405 Chisinau Place","","Ponce","8160","Puerto Rico","Yes","79.80"
"Jeremy","Hurtado","jeremy.hurtado@sakilacustomer.org","1133 Rizhao Avenue","","Vitria de Santo Anto","2800","Brazil","Yes","98.75"
"Jerome","Kenyon","jerome.kenyon@sakilacustomer.org","1872 Toulon Loop","","Rancagua","7939","Chile","Yes","67.86"
"Jerry","Jordon","jerry.jordon@sakilacustomer.org","124 al-Manama Way","","Onomichi","52368","Japan","Yes","111.76"
"Jesse","Schilling","jesse.schilling@sakilacustomer.org","514 Ife Way","","Lubumbashi","69973","Congo, The Democratic Republic of the","Yes","79.78"
"Jessica","Hall","jessica.hall@sakilacustomer.org","18 Duisburg Boulevard","","Citt del Vaticano","58327","Holy See (Vatican City State)","Yes","146.68"
"Jessie","Banks","jessie.banks@sakilacustomer.org","1229 Valencia Parkway","","Stara Zagora","99124","Bulgaria","Yes","81.76"
"Jessie","Milam","jessie.milam@sakilacustomer.org","1332 Gaziantep Lane","","Binzhou","22813","China","Yes","132.70"
"Jesus","Mccartney","jesus.mccartney@sakilacustomer.org","259 Ipoh Drive","","Guaruj","64964","Brazil","Yes","107.77"
"Jill","Hawkins","jill.hawkins@sakilacustomer.org","1440 Compton Place","","Linz","81037","Austria","Yes","58.83"
"Jim","Rea","jim.rea@sakilacustomer.org","814 Simferopol Loop","","El Fuerte","48745","Mexico","Yes","121.70"
"Jimmie","Eggleston","jimmie.eggleston@sakilacustomer.org","505 Madiun Boulevard","","Wroclaw","97271","Poland","No","135.72"
"Jimmy","Schrader","jimmy.schrader@sakilacustomer.org","616 Hagonoy Avenue","","Atinsk","46043","Russian Federation","Yes","104.72"
"Jo","Fowler","jo.fowler@sakilacustomer.org","786 Stara Zagora Way","","Oyo","98332","Nigeria","Yes","54.85"
"Joan","Cooper","joan.cooper@sakilacustomer.org","1717 Guadalajara Lane","","Saint Louis","85505","United States","Yes","78.79"
"Joann","Gardner","joann.gardner@sakilacustomer.org","842 Salzburg Lane","","Tarsus","3313","Turkey","Yes","64.85"
"Joanne","Robertson","joanne.robertson@sakilacustomer.org","1337 Lincoln Parkway","","Urawa","99457","Japan","Yes","125.68"
"Joe","Gilliland","joe.gilliland@sakilacustomer.org","953 Hodeida Street","","Imus","18841","Philippines","Yes","133.72"
"Joel","Francisco","joel.francisco@sakilacustomer.org","287 Cuautla Boulevard","","Sucre","72736","Bolivia","Yes","92.78"
"John","Farnsworth","john.farnsworth@sakilacustomer.org","41 El Alto Parkway","","Parbhani","56883","India","Yes","123.74"
"Johnnie","Chisholm","johnnie.chisholm@sakilacustomer.org","1501 Pangkal Pinang Avenue","","Plock","943","Poland","Yes","107.78"
"Johnny","Turpin","johnny.turpin@sakilacustomer.org","1152 Citrus Heights Manor","","al-Qadarif","5239","Sudan","Yes","57.81"
"Jon","Wiles","jon.wiles@sakilacustomer.org","659 Gatineau Boulevard","","El Alto","28587","Bolivia","Yes","85.78"
"Jonathan","Scarborough","jonathan.scarborough@sakilacustomer.org","1698 Southport Loop","","Pachuca de Soto","49009","Mexico","Yes","65.83"
"Jordan","Archuleta","jordan.archuleta@sakilacustomer.org","1229 Varanasi (Benares) Manor","","Avellaneda","40195","Argentina","Yes","129.71"
"Jorge","Olivares","jorge.olivares@sakilacustomer.org","1078 Stara Zagora Drive","","Lhokseumawe","69221","Indonesia","Yes","122.69"
"Jose","Andrew","jose.andrew@sakilacustomer.org","1016 Iwakuni Street","","Kingstown","49833","Saint Vincent and the Grenadines","Yes","64.82"
"Joseph","Joy","joseph.joy@sakilacustomer.org","1354 Siegen Street","","Angra dos Reis","80184","Brazil","Yes","92.80"
"Josephine","Gomez","josephine.gomez@sakilacustomer.org","211 Chiayi Drive","","Etawah","58186","India","Yes","104.75"
"Joshua","Mark","joshua.mark@sakilacustomer.org","1920 Weifang Avenue","","Rampur","15643","India","Yes","93.78"
"Joy","George","joy.george@sakilacustomer.org","1256 Bislig Boulevard","","Botosani","50598","Romania","Yes","118.69"
"Joyce","Edwards","joyce.edwards@sakilacustomer.org","725 Isesaki Place","","Jedda","74428","Saudi Arabia","Yes","116.76"
"Juan","Fraley","juan.fraley@sakilacustomer.org","469 Nakhon Sawan Street","","Teboksary","58866","Russian Federation","Yes","63.79"
"Juanita","Mason","juanita.mason@sakilacustomer.org","943 Johannesburg Avenue","","Pune","5892","India","Yes","100.72"
"Judith","Cox","judith.cox@sakilacustomer.org","1966 Amroha Avenue","","Daxian","70385","China","No","91.70"
"Judy","Gray","judy.gray@sakilacustomer.org","1031 Daugavpils Parkway","","Bchar","59025","Algeria","Yes","89.77"
"Julia","Flores","julia.flores@sakilacustomer.org","1926 El Alto Avenue","","La Plata","75543","Argentina","Yes","124.71"
"Julian","Vest","julian.vest@sakilacustomer.org","923 Tangail Boulevard","","Akishima","33384","Japan","Yes","108.73"
"Julie","Sanchez","julie.sanchez@sakilacustomer.org","939 Probolinggo Loop","","A Corua (La Corua)","4166","Spain","Yes","106.72"
"Julio","Noland","julio.noland@sakilacustomer.org","182 Nukualofa Drive","","Konotop","15414","Ukraine","Yes","84.81"
"June","Carroll","june.carroll@sakilacustomer.org","757 Rustenburg Avenue","","Skikda","89668","Algeria","Yes","151.68"
"Justin","Ngo","justin.ngo@sakilacustomer.org","519 Nyeri Manor","","Santo Andr","37650","Brazil","Yes","125.67"
"Karen","Jackson","karen.jackson@sakilacustomer.org","270 Amroha Parkway","","Osmaniye","29610","Turkey","Yes","131.73"
"Karl","Seal","karl.seal@sakilacustomer.org","1427 Tabuk Place","","Cape Coral","31342","United States","Yes","208.58"
"Katherine","Rivera","katherine.rivera@sakilacustomer.org","915 Ponce Place","","Basel","83980","Switzerland","Yes","57.87"
"Kathleen","Adams","kathleen.adams@sakilacustomer.org","334 Munger (Monghyr) Lane","","Arak","38145","Iran","Yes","90.75"
"Kathryn","Coleman","kathryn.coleman@sakilacustomer.org","927 Baha Blanca Parkway","","Simferopol","9495","Ukraine","Yes","118.76"
"Kathy","James","kathy.james@sakilacustomer.org","492 Cam Ranh Street","","Baybay","50805","Philippines","Yes","116.72"
"Katie","Elliott","katie.elliott@sakilacustomer.org","447 Surakarta Loop","","Kisumu","10428","Kenya","Yes","105.77"
"Kay","Caldwell","kay.caldwell@sakilacustomer.org","85 San Felipe de Puerto Plata Drive","","Yantai","46063","China","Yes","65.87"
"Keith","Rico","keith.rico@sakilacustomer.org","482 Kowloon and New Kowloon Manor","","Bratislava","97056","Slovakia","Yes","80.77"
"Kelly","Knott","kelly.knott@sakilacustomer.org","390 Wroclaw Way","","Sanya","5753","China","Yes","94.76"
"Kelly","Torres","kelly.torres@sakilacustomer.org","1586 Guaruj Place","","Xiangtan","5135","China","Yes","86.80"
"Ken","Prewitt","ken.prewitt@sakilacustomer.org","1342 Abha Boulevard","","Bucuresti","10714","Romania","Yes","99.73"
"Kenneth","Gooden","kenneth.gooden@sakilacustomer.org","1542 Lubumbashi Boulevard","","Bat Yam","62472","Israel","No","67.86"
"Kent","Arsenault","kent.arsenault@sakilacustomer.org","32 Liaocheng Way","","Juiz de Fora","1944","Brazil","Yes","134.73"
"Kevin","Schuler","kevin.schuler@sakilacustomer.org","470 Boksburg Street","","Birgunj","97960","Nepal","Yes","93.83"
"Kim","Cruz","kim.cruz@sakilacustomer.org","333 Goinia Way","","Grand Prairie","78625","United States","Yes","76.80"
"Kimberly","Lee","kimberly.lee@sakilacustomer.org","96 Tafuna Way","","Crdoba","99865","Argentina","Yes","85.77"
"Kirk","Stclair","kirk.stclair@sakilacustomer.org","1923 Stara Zagora Lane","","Tsaotun","95179","Taiwan","Yes","50.83"
"Kristen","Chavez","kristen.chavez@sakilacustomer.org","345 Oshawa Boulevard","","Hino","32114","Japan","Yes","74.84"
"Kristin","Johnston","kristin.johnston@sakilacustomer.org","226 Brest Manor","","Sunnyvale","2299","United States","Yes","103.74"
"Kristina","Chambers","kristina.chambers@sakilacustomer.org","544 Tarsus Boulevard","","Valle de la Pascua","53145","Venezuela","Yes","80.78"
"Kurt","Emmons","kurt.emmons@sakilacustomer.org","1421 Quilmes Lane","","Kanazawa","19151","Japan","Yes","87.80"
"Kyle","Spurlock","kyle.spurlock@sakilacustomer.org","1269 Botosani Manor","","Shanwei","47394","China","Yes","109.71"
"Lance","Pemberton","lance.pemberton@sakilacustomer.org","454 Qinhuangdao Drive","","Beni-Mellal","25866","Morocco","Yes","73.80"
"Larry","Thrasher","larry.thrasher@sakilacustomer.org","663 Baha Blanca Parkway","","Adana","33463","Turkey","Yes","74.81"
"Laura","Rodriguez","laura.rodriguez@sakilacustomer.org","28 Charlotte Amalie Street","","Sal","37551","Morocco","Yes","94.81"
"Lauren","Hudson","lauren.hudson@sakilacustomer.org","1740 Le Mans Loop","","Le Mans","22853","France","Yes","59.83"
"Laurie","Lawrence","laurie.lawrence@sakilacustomer.org","9 San Miguel de Tucumn Manor","","Firozabad","90845","India","Yes","97.78"
"Lawrence","Lawton","lawrence.lawton@sakilacustomer.org","114 Jalib al-Shuyukh Manor","","Yaound","60440","Cameroon","Yes","89.71"
"Leah","Curtis","leah.curtis@sakilacustomer.org","906 Goinia Way","","Kalisz","83565","Poland","Yes","75.81"
"Lee","Hawks","lee.hawks@sakilacustomer.org","1661 Abha Drive","","Pudukkottai","14400","India","Yes","117.75"
"Lena","Jensen","lena.jensen@sakilacustomer.org","1027 Banjul Place","","Halisahar","50390","India","Yes","154.70"
"Leo","Ebert","leo.ebert@sakilacustomer.org","1322 Mosul Parkway","","Dongying","95400","China","Yes","101.78"
"Leon","Bostic","leon.bostic@sakilacustomer.org","734 Tanshui Avenue","","Florencia","70664","Colombia","Yes","97.79"
"Leona","Obrien","leona.obrien@sakilacustomer.org","1308 Sumy Loop","","Fuzhou","30657","China","Yes","32.90"
"Leonard","Schofield","leonard.schofield@sakilacustomer.org","88 Nagaon Manor","","Tandil","86868","Argentina","Yes","101.70"
"Leroy","Bustamante","leroy.bustamante@sakilacustomer.org","105 Dzerzinsk Manor","","Tongliao","48570","China","Yes","104.71"
"Leslie","Gordon","leslie.gordon@sakilacustomer.org","374 Bat Yam Boulevard","","Kilis","97700","Turkey","Yes","83.80"
"Leslie","Seward","leslie.seward@sakilacustomer.org","1152 al-Qatif Lane","","Pontianak","44816","Indonesia","Yes","123.72"
"Lester","Kraus","lester.kraus@sakilacustomer.org","1013 Tabuk Boulevard","","Kanchrapara","96203","India","Yes","62.85"
"Lewis","Lyman","lewis.lyman@sakilacustomer.org","632 Usolje-Sibirskoje Parkway","","Ashqelon","73085","Israel","Yes","86.81"
"Lillian","Griffin","lillian.griffin@sakilacustomer.org","669 Firozabad Loop","","al-Ayn","92265","United Arab Emirates","Yes","102.76"
"Lillie","Kim","lillie.kim@sakilacustomer.org","1736 Cavite Place","","Idfu","98775","Egypt","Yes","89.77"
"Linda","Williams","linda.williams@sakilacustomer.org","692 Joliet Street","","Athenai","83579","Greece","Yes","130.76"
"Lisa","Anderson","lisa.anderson@sakilacustomer.org","1542 Tarlac Parkway","","Sagamihara","1027","Japan","Yes","99.77"
"Lloyd","Dowd","lloyd.dowd@sakilacustomer.org","935 Aden Boulevard","","Tegal","64709","Indonesia","Yes","66.81"
"Lois","Butler","lois.butler@sakilacustomer.org","1370 Le Mans Avenue","","Bandar Seri Begawan","52163","Brunei","Yes","107.66"
"Lonnie","Tirado","lonnie.tirado@sakilacustomer.org","1658 Cuman Loop","","Pangkal Pinang","51309","Indonesia","Yes","84.84"
"Loretta","Carpenter","loretta.carpenter@sakilacustomer.org","891 Novi Sad Manor","","Oshawa","5379","Canada","Yes","87.79"
"Lori","Wood","lori.wood@sakilacustomer.org","936 Salzburg Lane","","Rae Bareli","96709","India","Yes","141.69"
"Lorraine","Stephens","lorraine.stephens@sakilacustomer.org","154 Tallahassee Loop","","Hami","62250","China","Yes","81.80"
"Louis","Leone","louis.leone@sakilacustomer.org","1191 Tandil Drive","","Tanauan","6362","Philippines","Yes","156.66"
"Louise","Jenkins","louise.jenkins@sakilacustomer.org","929 Tallahassee Loop","","Springs","74671","South Africa","Yes","96.78"
"Lucille","Holmes","lucille.holmes@sakilacustomer.org","999 Sanaa Loop","","Soshanguve","3439","South Africa","Yes","107.73"
"Lucy","Wheeler","lucy.wheeler@sakilacustomer.org","624 Oshawa Boulevard","","Balurghat","89959","India","Yes","86.75"
"Luis","Yanez","luis.yanez@sakilacustomer.org","1346 Mysore Drive","","Brest","61507","France","Yes","77.81"
"Lydia","Burke","lydia.burke@sakilacustomer.org","1483 Pathankot Street","","San Miguel de Tucumn","37288","Argentina","Yes","77.77"
"Lynn","Payne","lynn.payne@sakilacustomer.org","710 San Felipe del Progreso Avenue","","Lilongwe","76901","Malawi","Yes","121.73"
"Mabel","Holland","mabel.holland@sakilacustomer.org","51 Laredo Avenue","","Monywa","68146","Myanmar","Yes","97.75"
"Mae","Fletcher","mae.fletcher@sakilacustomer.org","44 Najafabad Way","","Donostia-San Sebastin","61391","Spain","Yes","107.79"
"Manuel","Murrell","manuel.murrell@sakilacustomer.org","692 Amroha Drive","","Jaffna","35575","Sri Lanka","Yes","103.73"
"Marc","Outlaw","marc.outlaw@sakilacustomer.org","1 Valle de Santiago Avenue","","Brindisi","86208","Italy","Yes","120.71"
"Marcia","Dean","marcia.dean@sakilacustomer.org","1479 Rustenburg Boulevard","","Tanza","18727","Philippines","Yes","166.61"
"Marcus","Hidalgo","marcus.hidalgo@sakilacustomer.org","1289 Belm Boulevard","","Tartu","88306","Estonia","Yes","105.72"
"Margaret","Moore","margaret.moore@sakilacustomer.org","613 Korolev Drive","","Masqat","45844","Oman","Yes","78.80"
"Margie","Wade","margie.wade@sakilacustomer.org","1762 Paarl Parkway","","Lengshuijiang","53928","China","Yes","142.67"
"Maria","Miller","maria.miller@sakilacustomer.org","900 Santiago de Compostela Parkway","","Kragujevac","93896","Yugoslavia","Yes","130.72"
"Marian","Mendoza","marian.mendoza@sakilacustomer.org","829 Grand Prairie Way","","Maring","6461","Brazil","Yes","76.82"
"Marie","Turner","marie.turner@sakilacustomer.org","1998 Halifax Drive","","Lipetsk","76022","Russian Federation","Yes","101.79"
"Marilyn","Ross","marilyn.ross@sakilacustomer.org","1888 Kabul Drive","","Ife","20936","Nigeria","Yes","137.70"
"Mario","Cheatham","mario.cheatham@sakilacustomer.org","1924 Shimonoseki Drive","","Batna","52625","Algeria","Yes","107.73"
"Marion","Ocampo","marion.ocampo@sakilacustomer.org","1464 Kursk Parkway","","Weifang","17381","China","Yes","107.73"
"Marion","Snyder","marion.snyder@sakilacustomer.org","1891 Rizhao Boulevard","","Santa Brbara dOeste","47288","Brazil","Yes","194.61"
"Marjorie","Tucker","marjorie.tucker@sakilacustomer.org","1050 Garden Grove Avenue","","Jastrzebie-Zdrj","4999","Poland","Yes","118.70"
"Mark","Rinehart","mark.rinehart@sakilacustomer.org","780 Kimberley Way","","Tabuk","17032","Saudi Arabia","Yes","81.80"
"Marlene","Welch","marlene.welch@sakilacustomer.org","1148 Saarbrcken Parkway","","Iwaki","1921","Japan","Yes","106.77"
"Marsha","Douglas","marsha.douglas@sakilacustomer.org","771 Yaound Manor","","Beira","86768","Mozambique","Yes","142.66"
"Marshall","Thorn","marshall.thorn@sakilacustomer.org","1584 Ljubertsy Lane","","Southampton","22954","United Kingdom","Yes","117.77"
"Martha","Gonzalez","martha.gonzalez@sakilacustomer.org","269 Cam Ranh Parkway","","Chisinau","34689","Moldova","Yes","127.66"
"Martin","Bales","martin.bales@sakilacustomer.org","368 Hunuco Boulevard","","Namibe","17165","Angola","Yes","93.75"
"Marvin","Yee","marvin.yee@sakilacustomer.org","126 Acua Parkway","","Berhampore (Baharampur)","58888","India","Yes","65.81"
"Mary","Smith","mary.smith@sakilacustomer.org","1913 Hanoi Way","","Sasebo","35200","Japan","Yes","114.70"
"Mathew","Bolin","mathew.bolin@sakilacustomer.org","163 Augusta-Richmond County Loop","","Valencia","33030","Venezuela","Yes","84.80"
"Matthew","Mahan","matthew.mahan@sakilacustomer.org","479 San Felipe del Progreso Avenue","","Cuautla","54949","Mexico","Yes","91.75"
"Mattie","Hoffman","mattie.hoffman@sakilacustomer.org","1497 Yuzhou Drive","","London","3433","United Kingdom","Yes","58.80"
"Maureen","Little","maureen.little@sakilacustomer.org","201 Effon-Alaiye Way","","Asuncin","64344","Paraguay","Yes","87.79"
"Maurice","Crawley","maurice.crawley@sakilacustomer.org","1785 So Bernardo do Campo Street","","Coatzacoalcos","71182","Mexico","No","125.74"
"Max","Pitt","max.pitt@sakilacustomer.org","1917 Kumbakonam Parkway","","Novi Sad","11892","Yugoslavia","Yes","102.77"
"Maxine","Silva","maxine.silva@sakilacustomer.org","1338 Zalantun Lane","","Poos de Caldas","45403","Brazil","Yes","107.70"
"Megan","Palmer","megan.palmer@sakilacustomer.org","1560 Jelets Boulevard","","Laiwu","77777","China","Yes","81.75"
"Melanie","Armstrong","melanie.armstrong@sakilacustomer.org","1166 Changhwa Street","","Bayugan","58852","Philippines","Yes","92.75"
"Melinda","Fernandez","melinda.fernandez@sakilacustomer.org","1820 Maring Parkway","","Mandi Bahauddin","88307","Pakistan","Yes","77.84"
"Melissa","King","melissa.king@sakilacustomer.org","1668 Anpolis Street","","Lungtan","50199","Taiwan","Yes","123.66"
"Melvin","Ellington","melvin.ellington@sakilacustomer.org","1557 Cape Coral Parkway","","Laohekou","46875","China","Yes","96.75"
"Michael","Silverman","michael.silverman@sakilacustomer.org","1908 Gaziantep Place","","Tiefa","58979","China","Yes","113.74"
"Micheal","Forman","micheal.forman@sakilacustomer.org","203 Tambaram Street","","Escobar","73942","Argentina","Yes","96.76"
"Michele","Grant","michele.grant@sakilacustomer.org","798 Cianjur Avenue","","Yuncheng","76990","China","Yes","110.73"
"Michelle","Clark","michelle.clark@sakilacustomer.org","262 A Corua (La Corua) Parkway","","Tangail","34418","Bangladesh","Yes","146.68"
"Miguel","Betancourt","miguel.betancourt@sakilacustomer.org","319 Springs Loop","","Erlangen","99552","Germany","Yes","127.73"
"Mike","Way","mike.way@sakilacustomer.org","990 Etawah Loop","","Valparai","79940","India","Yes","162.67"
"Mildred","Bailey","mildred.bailey@sakilacustomer.org","81 Hodeida Way","","Jaipur","55561","India","Yes","88.78"
"Milton","Howland","milton.howland@sakilacustomer.org","758 Korolev Parkway","","Vijayawada","75474","India","Yes","121.77"
"Minnie","Romero","minnie.romero@sakilacustomer.org","47 Syktyvkar Lane","","Ciomas","22236","Indonesia","Yes","108.72"
"Miriam","Mckinney","miriam.mckinney@sakilacustomer.org","1336 Benin City Drive","","Otsu","46044","Japan","Yes","117.77"
"Misty","Lambert","misty.lambert@sakilacustomer.org","1192 Tongliao Street","","Sharja","19065","United Arab Emirates","Yes","102.78"
"Mitchell","Westmoreland","mitchell.westmoreland@sakilacustomer.org","617 Klerksdorp Place","","Nha Trang","94707","Vietnam","Yes","127.69"
"Monica","Hicks","monica.hicks@sakilacustomer.org","1752 So Leopoldo Parkway","","Mukateve","14014","Ukraine","Yes","112.73"
"Morris","Mccarter","morris.mccarter@sakilacustomer.org","1568 Celaya Parkway","","Fengshan","34750","Taiwan","Yes","135.68"
"Myrtle","Fleming","myrtle.fleming@sakilacustomer.org","532 Toulon Street","","Santiago de los Caballeros","69517","Dominican Republic","Yes","110.76"
"Nancy","Thomas","nancy.thomas@sakilacustomer.org","808 Bhopal Manor","","Yamuna Nagar","10672","India","Yes","93.74"
"Naomi","Jennings","naomi.jennings@sakilacustomer.org","1884 Shikarpur Avenue","","Karnal","85548","India","Yes","116.73"
"Natalie","Meyer","natalie.meyer@sakilacustomer.org","1201 Qomsheh Manor","","Aparecida de Goinia","21464","Brazil","Yes","90.78"
"Nathan","Runyon","nathan.runyon@sakilacustomer.org","264 Bhimavaram Manor","","Charlotte Amalie","54749","Virgin Islands, U.S.","No","121.69"
"Nathaniel","Adam","nathaniel.adam@sakilacustomer.org","786 Matsue Way","","Joliet","37469","United States","Yes","117.75"
"Neil","Renner","neil.renner@sakilacustomer.org","1817 Livorno Way","","Cam Ranh","79401","Vietnam","Yes","149.69"
"Nellie","Garrett","nellie.garrett@sakilacustomer.org","1964 Gijn Manor","","Shimoga","14408","India","Yes","86.81"
"Nelson","Christenson","nelson.christenson@sakilacustomer.org","1764 Jalib al-Shuyukh Parkway","","Santiago de Compostela","77642","Spain","Yes","62.84"
"Nicholas","Barfield","nicholas.barfield@sakilacustomer.org","1163 London Parkway","","Belm","6066","Brazil","Yes","140.69"
"Nicole","Peterson","nicole.peterson@sakilacustomer.org","57 Arlington Manor","","Shivapuri","48960","India","Yes","94.78"
"Nina","Soto","nina.soto@sakilacustomer.org","1519 Ilorin Place","","Palghat (Palakkad)","49298","India","Yes","96.79"
"Nora","Herrera","nora.herrera@sakilacustomer.org","1587 Loja Manor","","Salzburg","5410","Austria","Yes","113.74"
"Norma","Gonzales","norma.gonzales@sakilacustomer.org","152 Kitwe Parkway","","Bislig","53182","Philippines","Yes","71.81"
"Norman","Currier","norman.currier@sakilacustomer.org","1445 Carmen Parkway","","Cianjur","70809","Indonesia","Yes","73.76"
"Olga","Jimenez","olga.jimenez@sakilacustomer.org","556 Baybay Manor","","Ogbomosho","55802","Nigeria","Yes","108.76"
"Oscar","Aquino","oscar.aquino@sakilacustomer.org","956 Nam Dinh Manor","","Sirjan","21872","Iran","Yes","80.83"
"Pamela","Baker","pamela.baker@sakilacustomer.org","1440 Fukuyama Loop","","Nanyang","47929","China","Yes","91.79"
"Patricia","Johnson","patricia.johnson@sakilacustomer.org","1121 Loja Avenue","","San Bernardino","17886","United States","Yes","123.74"
"Patrick","Newsom","patrick.newsom@sakilacustomer.org","68 Ponce Parkway","","Hanoi","85926","Vietnam","Yes","83.77"
"Patsy","Davidson","patsy.davidson@sakilacustomer.org","816 Cayenne Parkway","","Portoviejo","93629","Ecuador","Yes","114.73"
"Paul","Trout","paul.trout@sakilacustomer.org","746 Joliet Lane","","Kursk","94878","Russian Federation","Yes","80.85"
"Paula","Bryant","paula.bryant@sakilacustomer.org","1697 Tanauan Lane","","Pathankot","22870","India","Yes","72.83"
"Pauline","Henry","pauline.henry@sakilacustomer.org","261 Saint Louis Way","","Torren","83401","Mexico","Yes","88.75"
"Pearl","Garza","pearl.garza@sakilacustomer.org","60 Poos de Caldas Street","","Jodhpur","82338","India","Yes","76.78"
"Pedro","Chestnut","pedro.chestnut@sakilacustomer.org","421 Yaound Street","","ostka","11363","Ukraine","Yes","97.78"
"Peggy","Myers","peggy.myers@sakilacustomer.org","733 Mandaluyong Place","","Abha","77459","Saudi Arabia","Yes","86.77"
"Penny","Neal","penny.neal@sakilacustomer.org","1675 Xiangfan Manor","","Kumbakonam","11763","India","No","56.84"
"Perry","Swafford","perry.swafford@sakilacustomer.org","773 Dallas Manor","","Quilmes","12664","Argentina","Yes","117.76"
"Peter","Menard","peter.menard@sakilacustomer.org","1217 Konotop Avenue","","Ede","504","Netherlands","Yes","103.78"
"Philip","Causey","philip.causey@sakilacustomer.org","954 Lapu-Lapu Way","","Korolev","8816","Russian Federation","Yes","115.71"
"Phillip","Holm","phillip.holm@sakilacustomer.org","102 Chapra Drive","","Tama","14073","Japan","Yes","93.76"
"Phyllis","Foster","phyllis.foster@sakilacustomer.org","832 Nakhon Sawan Manor","","Zalantun","49021","China","Yes","76.80"
"Priscilla","Lowe","priscilla.lowe@sakilacustomer.org","144 South Hill Loop","","Salamanca","2012","Mexico","Yes","130.72"
"Rachel","Barnes","rachel.barnes@sakilacustomer.org","586 Tete Way","","Kamakura","1079","Japan","Yes","73.81"
"Rafael","Abney","rafael.abney@sakilacustomer.org","48 Maracabo Place","","Talavera","1570","Philippines","Yes","91.81"
"Ralph","Madrigal","ralph.madrigal@sakilacustomer.org","1009 Zanzibar Lane","","Arecibo","64875","Puerto Rico","Yes","144.68"
"Ramon","Choate","ramon.choate@sakilacustomer.org","1954 Kowloon and New Kowloon Way","","Robamba","63667","Ecuador","Yes","135.70"
"Ramona","Hale","ramona.hale@sakilacustomer.org","951 Stara Zagora Manor","","Patiala","98573","India","Yes","103.77"
"Randall","Neumann","randall.neumann@sakilacustomer.org","1245 Ibirit Way","","La Romana","40926","Dominican Republic","Yes","85.80"
"Randy","Gaither","randy.gaither@sakilacustomer.org","1618 Olomouc Manor","","Kurgan","26385","Russian Federation","Yes","109.73"
"Raul","Fortier","raul.fortier@sakilacustomer.org","1747 Rustenburg Place","","Chapra","51369","India","Yes","86.82"
"Ray","Houle","ray.houle@sakilacustomer.org","740 Udaipur Lane","","Dzerzinsk","33505","Russian Federation","Yes","71.80"
"Raymond","Mcwhorter","raymond.mcwhorter@sakilacustomer.org","503 Sogamoso Loop","","Sumqayit","49812","Azerbaijan","Yes","108.75"
"Rebecca","Scott","rebecca.scott@sakilacustomer.org","61 Tama Street","","Kurashiki","94065","Japan","Yes","89.76"
"Regina","Berry","regina.berry@sakilacustomer.org","475 Atinsk Way","","Jinchang","59571","China","Yes","129.68"
"Reginald","Kinder","reginald.kinder@sakilacustomer.org","519 Brescia Parkway","","Madiun","69504","Indonesia","Yes","96.75"
"Rene","Mcalister","rene.mcalister@sakilacustomer.org","1895 Zhezqazghan Drive","","Garden Grove","36693","United States","Yes","101.76"
"Renee","Lane","renee.lane@sakilacustomer.org","533 al-Ayn Boulevard","","Compton","8862","United States","Yes","92.76"
"Rhonda","Kennedy","rhonda.kennedy@sakilacustomer.org","1749 Daxian Place","","Apeldoorn","11044","Netherlands","Yes","191.62"
"Ricardo","Meador","ricardo.meador@sakilacustomer.org","591 Sungai Petani Drive","","Okayama","46400","Japan","Yes","91.81"
"Richard","Mccrary","richard.mccrary@sakilacustomer.org","913 Coacalco de Berriozbal Loop","","Arlington","42141","United States","Yes","87.80"
"Rick","Mattox","rick.mattox@sakilacustomer.org","775 ostka Drive","","Mit Ghamr","22358","Egypt","Yes","120.75"
"Ricky","Shelby","ricky.shelby@sakilacustomer.org","722 Bradford Lane","","Junan","90920","China","Yes","78.77"
"Rita","Graham","rita.graham@sakilacustomer.org","1386 Yangor Avenue","","Toulon","80720","France","Yes","77.78"
"Robert","Baughman","robert.baughman@sakilacustomer.org","1883 Maikop Lane","","Kaliningrad","68469","Russian Federation","Yes","71.85"
"Roberta","Harper","roberta.harper@sakilacustomer.org","927 Barcelona Street","","Shahr-e Kord","65121","Iran","Yes","79.80"
"Roberto","Vu","roberto.vu@sakilacustomer.org","1297 Alvorada Parkway","","Yinchuan","11839","China","Yes","128.73"
"Robin","Hayes","robin.hayes@sakilacustomer.org","1913 Kamakura Place","","Jelets","97287","Russian Federation","Yes","101.77"
"Rodney","Moeller","rodney.moeller@sakilacustomer.org","1936 Lapu-Lapu Parkway","","Deba Habe","7122","Nigeria","Yes","97.78"
"Roger","Quintanilla","roger.quintanilla@sakilacustomer.org","381 Kabul Way","","Hsichuh","87272","Taiwan","Yes","144.66"
"Roland","South","roland.south@sakilacustomer.org","1993 0 Loop","","Yingkou","41214","China","Yes","80.77"
"Ron","Deluca","ron.deluca@sakilacustomer.org","1949 Sanya Street","","Isesaki","61244","Japan","Yes","99.78"
"Ronald","Weiner","ronald.weiner@sakilacustomer.org","1145 Vilnius Manor","","San Felipe del Progreso","73170","Mexico","Yes","93.79"
"Ronnie","Ricketts","ronnie.ricketts@sakilacustomer.org","1889 Valparai Way","","Ziguinchor","75559","Senegal","Yes","95.76"
"Rosa","Reynolds","rosa.reynolds@sakilacustomer.org","793 Cam Ranh Avenue","","Lancaster","87057","United States","Yes","129.72"
"Rose","Howard","rose.howard@sakilacustomer.org","698 Otsu Street","","Cayenne","71110","French Guiana","Yes","97.80"
"Rosemary","Schmidt","rosemary.schmidt@sakilacustomer.org","1215 Pyongyang Parkway","","Usak","25238","Turkey","Yes","134.69"
"Ross","Grey","ross.grey@sakilacustomer.org","951 Springs Lane","","Iligan","96115","Philippines","Yes","98.74"
"Roy","Whiting","roy.whiting@sakilacustomer.org","1658 Jastrzebie-Zdrj Loop","","Nyeri","96584","Kenya","Yes","139.72"
"Ruben","Geary","ruben.geary@sakilacustomer.org","414 Mandaluyong Street","","Lublin","16370","Poland","Yes","86.81"
"Ruby","Washington","ruby.washington@sakilacustomer.org","1952 Chatsworth Drive","","Meixian","25958","China","Yes","110.72"
"Russell","Brinson","russell.brinson@sakilacustomer.org","1642 Charlotte Amalie Drive","","Tychy","75442","Poland","Yes","132.65"
"Ruth","Martinez","ruth.martinez@sakilacustomer.org","1417 Lancaster Avenue","","Kimberley","72192","South Africa","Yes","98.82"
"Ryan","Salisbury","ryan.salisbury@sakilacustomer.org","1673 Tangail Drive","","Daugavpils","26857","Latvia","Yes","142.70"
"Sally","Pierce","sally.pierce@sakilacustomer.org","1540 Wroclaw Drive","","Chandrapur","62686","India","Yes","108.71"
"Salvador","Teel","salvador.teel@sakilacustomer.org","247 Jining Parkway","","Banjul","53446","Gambia","Yes","114.73"
"Sam","Mcduffie","sam.mcduffie@sakilacustomer.org","656 Matamoros Drive","","Sogamoso","19489","Colombia","Yes","105.78"
"Samantha","Duncan","samantha.duncan@sakilacustomer.org","146 Johannesburg Way","","Matamoros","54132","Mexico","Yes","71.77"
"Samuel","Marlow","samuel.marlow@sakilacustomer.org","604 Bern Place","","Ranchi","5373","India","Yes","75.80"
"Sandra","Martin","sandra.martin@sakilacustomer.org","360 Toulouse Parkway","","Southend-on-Sea","54308","United Kingdom","No","109.75"
"Sara","Perry","sara.perry@sakilacustomer.org","125 Citt del Vaticano Boulevard","","Atlixco","67912","Mexico","Yes","128.70"
"Sarah","Lewis","sarah.lewis@sakilacustomer.org","1780 Hino Boulevard","","Liepaja","7716","Latvia","Yes","106.73"
"Scott","Shelley","scott.shelley@sakilacustomer.org","587 Benguela Manor","","Aurora","91590","United States","Yes","60.82"
"Sean","Douglass","sean.douglass@sakilacustomer.org","614 Pak Kret Street","","Addis Abeba","27796","Ethiopia","Yes","91.77"
"Sergio","Stanfield","sergio.stanfield@sakilacustomer.org","1402 Zanzibar Boulevard","","Celaya","71102","Mexico","Yes","102.76"
"Seth","Hannon","seth.hannon@sakilacustomer.org","1759 Niznekamsk Avenue","","al-Manama","39414","Bahrain","Yes","108.76"
"Shane","Millard","shane.millard@sakilacustomer.org","184 Mandaluyong Street","","La Paz","94239","Mexico","Yes","95.78"
"Shannon","Freeman","shannon.freeman@sakilacustomer.org","117 Boa Vista Way","","Varanasi (Benares)","6804","India","Yes","97.77"
"Sharon","Robinson","sharon.robinson@sakilacustomer.org","1688 Okara Way","","Mardan","21954","Pakistan","Yes","103.73"
"Shawn","Heaton","shawn.heaton@sakilacustomer.org","1337 Mit Ghamr Avenue","","Nakhon Sawan","29810","Thailand","Yes","142.69"
"Sheila","Wells","sheila.wells@sakilacustomer.org","848 Tafuna Manor","","Ktahya","45142","Turkey","No","57.86"
"Shelly","Watts","shelly.watts@sakilacustomer.org","32 Pudukkottai Lane","","Dayton","38834","United States","Yes","105.77"
"Sherri","Rhodes","sherri.rhodes@sakilacustomer.org","922 Vila Velha Loop","","Ahmadnagar","4085","India","Yes","99.74"
"Sherry","Marshall","sherry.marshall@sakilacustomer.org","1987 Coacalco de Berriozbal Loop","","Shubra al-Khayma","96065","Egypt","Yes","139.69"
"Shirley","Allen","shirley.allen@sakilacustomer.org","217 Botshabelo Place","","Davao","49521","Philippines","Yes","123.70"
"Sidney","Burleson","sidney.burleson@sakilacustomer.org","1405 Hagonoy Avenue","","Czestochowa","86587","Poland","Yes","100.76"
"Sonia","Gregory","sonia.gregory@sakilacustomer.org","1279 Udine Parkway","","Benin City","75860","Nigeria","Yes","108.78"
"Stacey","Montgomery","stacey.montgomery@sakilacustomer.org","1333 Haldia Street","","Fuyu","82161","China","Yes","146.67"
"Stacy","Cunningham","stacy.cunningham@sakilacustomer.org","1410 Benin City Parkway","","Pereira","29747","Colombia","Yes","95.78"
"Stanley","Scroggins","stanley.scroggins@sakilacustomer.org","1266 Laredo Parkway","","Omiya","7664","Japan","Yes","133.71"
"Stella","Moreno","stella.moreno@sakilacustomer.org","1473 Changhwa Parkway","","Coacalco de Berriozbal","75933","Mexico","Yes","88.81"
"Stephanie","Mitchell","stephanie.mitchell@sakilacustomer.org","42 Brindisi Place","","Yerevan","16744","Armenia","Yes","118.75"
"Stephen","Qualls","stephen.qualls@sakilacustomer.org","1838 Tabriz Lane","","Dhaka","1195","Bangladesh","Yes","107.74"
"Steve","Mackenzie","steve.mackenzie@sakilacustomer.org","154 Oshawa Manor","","Probolinggo","72771","Indonesia","Yes","152.68"
"Steven","Curley","steven.curley@sakilacustomer.org","651 Pathankot Loop","","Miraj","59811","India","Yes","80.81"
"Sue","Peters","sue.peters@sakilacustomer.org","817 Bradford Loop","","Changzhou","89459","China","Yes","133.68"
"Susan","Wilson","susan.wilson@sakilacustomer.org","478 Joliet Way","","Hamilton","77948","New Zealand","Yes","85.77"
"Suzanne","Nichols","suzanne.nichols@sakilacustomer.org","456 Escobar Way","","Jakarta","36061","Indonesia","Yes","94.76"
"Sylvia","Ortiz","sylvia.ortiz@sakilacustomer.org","241 Mosul Lane","","Dos Quebradas","76157","Colombia","Yes","134.70"
"Tamara","Nguyen","tamara.nguyen@sakilacustomer.org","356 Olomouc Manor","","Anpolis","93323","Brazil","Yes","93.75"
"Tammy","Sanders","tammy.sanders@sakilacustomer.org","1551 Rampur Lane","","Changhwa","72394","Taiwan","Yes","149.61"
"Tanya","Gilbert","tanya.gilbert@sakilacustomer.org","647 A Corua (La Corua) Street","","Naju","36971","South Korea","Yes","138.69"
"Tara","Ryan","tara.ryan@sakilacustomer.org","1688 Nador Lane","","Gorontalo","61613","Indonesia","Yes","87.81"
"Ted","Breaux","ted.breaux@sakilacustomer.org","183 Haiphong Street","","Baicheng","69953","China","Yes","109.73"
"Teresa","Rogers","teresa.rogers@sakilacustomer.org","1964 Allappuzha (Alleppey) Street","","Iwakuni","48980","Japan","Yes","114.74"
"Terrance","Roush","terrance.roush@sakilacustomer.org","42 Fontana Avenue","","Szkesfehrvr","14684","Hungary","No","111.71"
"Terrence","Gunderson","terrence.gunderson@sakilacustomer.org","844 Bucuresti Place","","Jinzhou","36603","China","Yes","110.71"
"Terri","Vasquez","terri.vasquez@sakilacustomer.org","1304 s-Hertogenbosch Way","","Blumenau","10925","Brazil","Yes","126.73"
"Terry","Carlson","terry.carlson@sakilacustomer.org","752 Ondo Loop","","Miyakonojo","32474","Japan","Yes","116.74"
"Terry","Grissom","terry.grissom@sakilacustomer.org","619 Hunuco Avenue","","Matsue","81508","Japan","Yes","68.81"
"Thelma","Murray","thelma.murray@sakilacustomer.org","1175 Tanauan Way","","Lima","64615","Peru","Yes","120.70"
"Theodore","Culp","theodore.culp@sakilacustomer.org","1704 Tambaram Manor","","Uluberia","2834","India","No","109.72"
"Theresa","Watson","theresa.watson@sakilacustomer.org","89 Allappuzha (Alleppey) Manor","","Taguig","75444","Philippines","Yes","88.73"
"Thomas","Grigsby","thomas.grigsby@sakilacustomer.org","1191 Sungai Petani Boulevard","","Kansas City","9668","United States","Yes","81.81"
"Tiffany","Jordan","tiffany.jordan@sakilacustomer.org","804 Elista Drive","","Enshi","61069","China","Yes","49.88"
"Tim","Cary","tim.cary@sakilacustomer.org","1257 Guadalajara Street","","Bijapur","33599","India","Yes","154.66"
"Timothy","Bunn","timothy.bunn@sakilacustomer.org","981 Kumbakonam Place","","Braslia","87611","Brazil","Yes","72.82"
"Tina","Simmons","tina.simmons@sakilacustomer.org","984 Effon-Alaiye Avenue","","Goinia","17119","Brazil","Yes","122.74"
"Todd","Tan","todd.tan@sakilacustomer.org","1793 Meixian Place","","Kamjanets-Podilskyi","33535","Ukraine","Yes","109.72"
"Tom","Milner","tom.milner@sakilacustomer.org","535 Ahmadnagar Manor","","Abu Dhabi","41136","United Arab Emirates","Yes","99.71"
"Tommy","Collazo","tommy.collazo@sakilacustomer.org","76 Kermanshah Manor","","Qomsheh","23343","Iran","Yes","183.63"
"Toni","Holt","toni.holt@sakilacustomer.org","1936 Cuman Avenue","","Roanoke","61195","United States","Yes","73.83"
"Tony","Carranza","tony.carranza@sakilacustomer.org","454 Patiala Lane","","Koriyama","13496","Japan","Yes","62.81"
"Tonya","Chapman","tonya.chapman@sakilacustomer.org","43 Dadu Avenue","","Bhilwara","4855","India","Yes","147.71"
"Tracey","Barrett","tracey.barrett@sakilacustomer.org","1006 Santa Brbara dOeste Manor","","Owo","36229","Nigeria","Yes","103.77"
"Tracy","Cole","tracy.cole@sakilacustomer.org","1002 Ahmadnagar Manor","","Huixquilucan","93026","Mexico","Yes","126.72"
"Tracy","Herrmann","tracy.herrmann@sakilacustomer.org","1074 Sanaa Parkway","","Loja","22474","Ecuador","Yes","118.75"
"Travis","Estep","travis.estep@sakilacustomer.org","289 Santo Andr Manor","","al-Qatif","72410","Saudi Arabia","Yes","91.78"
"Troy","Quigley","troy.quigley@sakilacustomer.org","983 Santa F Way","","Vancouver","47472","Canada","Yes","126.73"
"Tyler","Wren","tyler.wren@sakilacustomer.org","1060 Tandil Lane","","Rizhao","72349","China","Yes","82.81"
"Tyrone","Asher","tyrone.asher@sakilacustomer.org","191 Jos Azueta Parkway","","Ruse","13629","Bulgaria","Yes","112.76"
"Valerie","Black","valerie.black@sakilacustomer.org","782 Mosul Street","","Brockton","25545","United States","Yes","116.75"
"Vanessa","Sims","vanessa.sims@sakilacustomer.org","1792 Valle de la Pascua Place","","Siegen","15540","Germany","Yes","86.81"
"Velma","Lucas","velma.lucas@sakilacustomer.org","1155 Liaocheng Place","","Effon-Alaiye","22650","Nigeria","Yes","96.76"
"Vera","Mccoy","vera.mccoy@sakilacustomer.org","1168 Najafabad Parkway","","Kabul","40301","Afghanistan","Yes","67.82"
"Vernon","Chapa","vernon.chapa@sakilacustomer.org","698 Jelets Boulevard","","Denizli","2596","Turkey","Yes","81.83"
"Veronica","Stone","veronica.stone@sakilacustomer.org","369 Papeete Way","","Greensboro","66639","United States","Yes","115.70"
"Vicki","Fields","vicki.fields@sakilacustomer.org","68 Molodetno Manor","","Witten","4662","Germany","Yes","91.78"
"Vickie","Brewer","vickie.brewer@sakilacustomer.org","1966 Tonghae Street","","Halle/Saale","36481","Germany","Yes","100.75"
"Victor","Barkley","victor.barkley@sakilacustomer.org","401 Sucre Boulevard","","Manchester","25007","United States","Yes","85.78"
"Victoria","Gibson","victoria.gibson@sakilacustomer.org","544 Malm Parkway","","Pemalang","63502","Indonesia","Yes","106.74"
"Vincent","Ralston","vincent.ralston@sakilacustomer.org","397 Sunnyvale Avenue","","Allende","55566","Mexico","Yes","96.77"
"Viola","Hanson","viola.hanson@sakilacustomer.org","582 Papeete Loop","","Lapu-Lapu","27722","Philippines","Yes","122.70"
"Violet","Rodriquez","violet.rodriquez@sakilacustomer.org","1912 Allende Manor","","Kowloon and New Kowloon","58124","Hong Kong","Yes","104.76"
"Virgil","Wofford","virgil.wofford@sakilacustomer.org","760 Miyakonojo Drive","","Jos Azueta","64682","Mexico","Yes","97.75"
"Virginia","Green","virginia.green@sakilacustomer.org","391 Callao Drive","","Toulouse","34021","France","Yes","118.70"
"Vivian","Ruiz","vivian.ruiz@sakilacustomer.org","741 Ambattur Manor","","s-Hertogenbosch","43310","Netherlands","Yes","80.80"
"Wade","Delvalle","wade.delvalle@sakilacustomer.org","1331 Usak Boulevard","","Lausanne","61960","Switzerland","Yes","83.78"
"Wallace","Slone","wallace.slone@sakilacustomer.org","1342 Sharja Way","","Sokoto","93655","Nigeria","Yes","97.78"
"Walter","Perryman","walter.perryman@sakilacustomer.org","1909 Benguela Lane","","Xinxiang","19913","China","Yes","95.76"
"Wanda","Patterson","wanda.patterson@sakilacustomer.org","1740 Portoviejo Avenue","","Sincelejo","29932","Colombia","Yes","137.72"
"Warren","Sherrod","warren.sherrod@sakilacustomer.org","1621 Tongliao Avenue","","Usolje-Sibirskoje","22173","Russian Federation","Yes","152.69"
"Wayne","Truong","wayne.truong@sakilacustomer.org","1049 Matamoros Parkway","","Gulbarga","69640","India","Yes","70.81"
"Wendy","Harrison","wendy.harrison@sakilacustomer.org","1107 Nakhon Sawan Avenue","","Nezahualcyotl","75149","Mexico","Yes","86.73"
"Wesley","Bull","wesley.bull@sakilacustomer.org","1469 Plock Lane","","Ourense (Orense)","95835","Spain","Yes","158.65"
"Willard","Lumpkin","willard.lumpkin@sakilacustomer.org","1819 Alessandria Loop","","Carmen","53829","Mexico","Yes","95.79"
"William","Satterfield","william.satterfield@sakilacustomer.org","687 Alessandria Parkway","","Sanaa","57587","Yemen","Yes","70.81"
"Willie","Howell","willie.howell@sakilacustomer.org","1244 Allappuzha (Alleppey) Place","","Vicente Lpez","20657","Argentina","Yes","100.75"
"Willie","Markham","willie.markham@sakilacustomer.org","1623 Kingstown Drive","","Almirante Brown","91299","Argentina","Yes","85.78"
"Wilma","Richards","wilma.richards@sakilacustomer.org","660 Jedda Boulevard","","Bellevue","25053","United States","Yes","91.80"
"Yolanda","Weaver","yolanda.weaver@sakilacustomer.org","605 Rio Claro Parkway","","Tabora","49348","Tanzania","Yes","102.75"
"Yvonne","Watkins","yvonne.watkins@sakilacustomer.org","1848 Salala Boulevard","","Ocumare del Tuy","25220","Venezuela","Yes","81.81"
"Zachary","Hite","zachary.hite@sakilacustomer.org","98 Pyongyang Boulevard","","Akron","88749","United States","Yes","134.71"
